Batch No,Complexity,Batch Owner,Location,Batch Status,QC Status,Auditor Status,Remarks
164,2-Rev/Description Update,Aafrin,Reach-in,InProgress,,,
256,10-Purchased Parts,Aafrin,Reach-in,Completed,Completed,,
274,3-7/10 digit part numbers,Aafrin,Reach-in,Completed,,,
431,3-7/10 digit part numbers,Aafrin,Reach-in,Hold,,,
166,1-Rev/Description,Aafrin,Insight,Completed,,,Prince batch
171,1-Rev/Description,Aafrin,Insight,Hold,,,aaditional batch  5
217,1-Rev/Description,Aafrin,Insight,Completed,,,
67,3-7/10 digit part numbers,Aafrin,Wide Island,Hold,,,
385,10-Purchased Parts,Aafrin,Wide Island,Completed,Completed,Completed,
409,3-7/10 digit part numbers,Aafrin,Wide Island,Hold,,,
455,5-instructions/dimensional application dwg,Aafrin,Wide Island,Completed,Completed,,
149,1-Rev/Description,Bash,Reach-in,Completed,Completed,,
255,10-Purchased Parts,Bash,Reach-in,Completed,Completed,,
273,3-7/10 digit part numbers,Bash,Reach-in,Hold,,,
430,3-7/10 digit part numbers,Bash,Reach-in,Hold,,,
436,3-7/10 digit part numbers,Bash,Reach-in,Hold,,,
476,3-7/10 digit part numbers,Bash,Reach-in,Hold,,,
176,1-Rev/Description,Bash,Insight,Completed,Completed,,
327,10-Purchased Parts,Bash,Insight,Completed,Completed,,
66,3-7/10 digit part numbers,Bash,Wide Island,Hold,,,
408,3-7/10 digit part numbers,Bash,Wide Island,Hold,,,
456,5-instructions/dimensional application dwg,Bash,Wide Island,Completed,Completed,,
109,1-Rev/Description,Godwin,Reach-in,Completed,,,"This batch was already audited by the U.S. auditor, Larry Leonard."
238,10-Purchased Parts,Godwin,Reach-in,Completed,,,
248,10-Purchased Parts,Godwin,Reach-in,Completed,,,
268,3-7/10 digit part numbers,Godwin,Reach-in,Hold,,,
440,3-7/10 digit part numbers,Godwin,Reach-in,Completed,,,
425,3-7/10 digit part numbers,Godwin,Reach-in,Hold,,,
441,3-7/10 digit part numbers,Godwin,Reach-in,Completed,,,
475,10-Purchased Parts,Godwin,Reach-in,InProgress,,,
186,1-Rev/Description,Godwin,Insight,Completed,Completed,,
191,1-Rev/Description,Godwin,Insight,Completed,Completed,,
219,2-Rev/Description Update,Godwin,Insight,Completed,InProgress,,
224,2-Rev/Description Update,Godwin,Insight,Completed,Completed,Completed,
229,2-Rev/Description Update,Godwin,Insight,Completed,Completed,,
333,10-Purchased Parts,Godwin,Insight,Completed,,,
334,10-Purchased Parts,Godwin,Insight,Completed,Completed,,
34,10-Purchased Parts,Godwin,Wide Island,Completed,,,
45,10-Purchased Parts,Godwin,Wide Island,Completed,Completed,Completed,
61,3-7/10 digit part numbers,Godwin,Wide Island,Completed,,,
68,3-7/10 digit part numbers,Godwin,Wide Island,Completed,,,
380,1-Rev/Description,Godwin,Wide Island,Completed,Completed,Completed,
403,3-7/10 digit part numbers,Godwin,Wide Island,Completed,,,
419,5-instructions/dimensional application dwg,Godwin,Wide Island,Completed,Completed,,
462,10-Purchased Parts,Godwin,Wide Island,Hold,,,
457,5-instructions/dimensional application dwg,Godwin,Wide Island,Completed,,,
152,2-Rev/Description Update,Keerthana,Reach-in,Completed,,,
242,10-Purchased Parts,Keerthana,Reach-in,Completed,,,
252,10-Purchased Parts,Keerthana,Reach-in,Completed,,,
272,3-7/10 digit part numbers,Keerthana,Reach-in,InProgress,,,
429,3-7/10 digit part numbers,Keerthana,Reach-in,InProgress,,,cad files aadthithya
466,3-7/10 digit part numbers,Keerthana,Reach-in,InProgress,,,
206,1-Rev/Description,Keerthana,Insight,InProgress,,,Prince batch and working  aafrin
211,1-Rev/Description,Keerthana,Insight,Completed,,,Prince batch and working  naresh
223,2-Rev/Description Update,Keerthana,Insight,Completed,Completed,Completed,
228,2-Rev/Description Update,Keerthana,Insight,Completed,Completed,,
233,2-Rev/Description Update,Keerthana,Insight,Completed,Completed,,
332,10-Purchased Parts,Keerthana,Insight,Completed,Completed,,
39,10-Purchased Parts,Keerthana,Wide Island,Completed,Completed,Completed,audit finished client side
49,10-Purchased Parts,Keerthana,Wide Island,Completed,Completed,Completed,audit finished client side
65,3-7/10 digit part numbers,Keerthana,Wide Island,Hold,,,
383,10-Purchased Parts,Keerthana,Wide Island,Completed,Completed,,
407,3-7/10 digit part numbers,Keerthana,Wide Island,Hold,,,
454,5-instructions/dimensional application dwg,Keerthana,Wide Island,Completed,Completed,,
160,1-Rev/Description,Naresh,Reach-in,Completed,Completed,,
239,10-Purchased Parts,Naresh,Reach-in,Completed,Completed,,Aathithya
249,10-Purchased Parts,Naresh,Reach-in,Completed,Completed,,Aathithya
269,3-7/10 digit part numbers,Naresh,Reach-in,Hold,,,
422,3-7/10 digit part numbers,Naresh,Reach-in,Hold,,,
426,3-7/10 digit part numbers,Naresh,Reach-in,Hold,,,
442,3-7/10 digit part numbers,Naresh,Reach-in,Hold,,,
476,10-Purchased Parts,Naresh,Reach-in,Completed,,,need the clarification 
97,1-Rev/Description,Naresh,Reach-in,Completed,Completed,,Suchithra
181,1-Rev/Description,Naresh,Insight,Completed,Completed,,Suchithra
220,2-Rev/Description Update,Naresh,Insight,Hold,,,
225,2-Rev/Description Update,Naresh,Insight,Completed,Completed,,Aathithya
230,2-Rev/Description Update,Naresh,Insight,Completed,Completed,,Aathithya
312,10-Purchased Parts,Naresh,Insight,Completed,Completed,,Aathithya
326,10-Purchased Parts,Naresh,Insight,Completed,Completed,,Aathithya
35,10-Purchased Parts,Naresh,Wide Island,Completed,Completed,Completed,
36,10-Purchased Parts,Naresh,Wide Island,Completed,Completed,Completed,
46,3-7/10 digit part numbers,Naresh,Wide Island,Completed,Completed,,
62,3-7/10 digit part numbers,Naresh,Wide Island,Hold,,,
404,3-7/10 digit part numbers,Naresh,Wide Island,Hold,,,
411,3-7/10 digit part numbers,Naresh,Wide Island,Hold,,,
450,13-Non Graphic Part,Naresh,Wide Island,Hold,,,
451,5-instructions/dimensional application dwg,Naresh,Wide Island,Hold,,,
463,10-Purchased Parts,Naresh,Wide Island,Hold,,,
241,10-Purchased Parts,Shyam,Reach-in,InProgress,Completed,,
251,10-Purchased Parts,Shyam,Reach-in,Hold,Completed,,
271,3-7/10 digit part numbers,Shyam,Reach-in,Yet to Start,Hold,,
428,3-7/10 digit part numbers,Shyam,Reach-in,Hold,Hold,,
444,3-7/10 digit part numbers,Shyam,Reach-in,Hold,Hold,,
465,2-Rev/Description Update,Shyam,Reach-in,Yet to Start,InProgress,,
222,2-Rev/Description Update,Shyam,Insight,Completed,Completed,,Jothi bash
227,2-Rev/Description Update,Shyam,Insight,Completed,Completed,,Jothi bash
232,2-Rev/Description Update,Shyam,Insight,Completed,Completed,,                                Jothi bash add  2 batch
340,5-instructions/dimensional application dwg,Shyam,Insight,Completed,,,doubt pdf
345,5-instructions/dimensional application dwg,Shyam,Insight,Completed,,,godwin working
38,10-Purchased Parts,Shyam,Wide Island,Completed,Completed,Completed,
48,10-Purchased Parts,Shyam,Wide Island,Completed,Completed,Completed,
382,10-Purchased Parts,Shyam,Wide Island,Completed,Completed,Completed,
406,3-7/10 digit part numbers,Shyam,Wide Island,Hold,,,
410,3-7/10 digit part numbers,Shyam,Wide Island,Hold,,,
452,5-instructions/dimensional application dwg,Shyam,Wide Island,Hold,,,
105,1-Rev/Description,Vishnu,Reach-in,Completed,,,
240,10-Purchased Parts,Vishnu,Reach-in,Hold,,,
250,10-Purchased Parts,Vishnu,Reach-in,Completed,,,
270,3-7/10 digit part numbers,Vishnu,Reach-in,Hold,,,"Due to the absence of CAD files, all the files will be moved to the complexity folder."
427,3-7/10 digit part numbers,Vishnu,Reach-in,Hold,,,
443,3-7/10 digit part numbers,Vishnu,Reach-in,Hold,,,
464,1-Rev/Description,Vishnu,Reach-in,InProgress,,,
196,1-Rev/Description,Vishnu,Insight,Completed,Completed,,
201,1-Rev/Description,Vishnu,Insight,Completed,Completed,,
221,2-Rev/Description Update,Vishnu,Insight,Completed,Completed,Completed,add  insight batch 4 Audit has been completed 
226,2-Rev/Description Update,Vishnu,Insight,Completed,Completed,,
21,1-Rev/Description,Vishnu,Wide Island,InProgress,,,
22,1-Rev/Description,Vishnu,Wide Island,Hold,Completed,Completed,
27,2-Rev/Description Update,Vishnu,Wide Island,Hold,Completed,Completed,
37,10-Purchased Parts,Vishnu,Wide Island,Completed,Completed,,
47,10-Purchased Parts,Vishnu,Wide Island,Completed,,,Shyam batch
48,10-Purchased Parts,Vishnu,Wide Island,Completed,,,Shyam batch
56,11-Purchased Assemblies,Vishnu,Wide Island,InProgress,,,
63,3-7/10 digit part numbers,Vishnu,Wide Island,InProgress,,,aadthithya
381,10-Purchased Parts,Vishnu,Wide Island,Completed,,,
384,10-Purchased Parts,Vishnu,Wide Island,Completed,Completed,Completed,Bash batch
405,3-7/10 digit part numbers,Vishnu,Wide Island,Hold,,,
420,3-7/10 digit part numbers,Vishnu,Wide Island,Hold,,,
453,5-instructions/dimensional application dwg,Vishnu,Wide Island,InProgress,,,
307,10-Purchased Parts,Bash,Insight,Completed,,,
317,10-Purchased Parts,Bash,Insight,Completed,,,
467,3-7/10 digit part numbers,Bash,Insight,InProgress,,,
480,3-7/10 digit part numbers,Bash,Reach-in,Hold,,,
338,3-7/10 digit part numbers,Bash,Insight,Hold,,,
308,10-Purchased Parts,Aafrin,,Completed,,,
328,10-Purchased Parts,Aafrin,,Completed,,,
318,10-Purchased Parts,Aafrin,,Completed,,,
206,10-Purchased Parts,Aafrin,,Completed,,,
211,10-Purchased Parts,Naresh,,Completed,Completed,,
152,10-Purchased Parts,Naresh,,Completed,,,
466,10-Purchased Parts,Naresh,,InProgress,,,
477,3-7/10 digit part numbers,Vishnu,Insight,InProgress,,,
324,10-Purchased Parts,Vishnu,Wide Island,Completed,Completed,Completed,
226,10-Purchased Parts,Vishnu,,Completed,Completed,Completed,
231,10-Purchased Parts,Vishnu,,Completed,Completed,Completed,
37,10-Purchased Parts,Vishnu,,Completed,,,
201,10-Purchased Parts,Vishnu,,Completed,,,
196,10-Purchased Parts,Vishnu,,Completed,,,
324,10-Purchased Parts,Vishnu,,Completed,,,
431,3-7/10 digit part numbers,Aafrin,,Hold,,,
445,3-7/10 digit part numbers,Aafrin,,InProgress,,,
481,3-7/10 digit part numbers,Aafrin,,InProgress,,,
482,3-7/10 digit part numbers,Aafrin,,Hold,,,
,,,,,,,
,,,,,,,
,,,,,,,
,,,,,,,
,,,,,,,
,,,,,,,
,,,,,,,
,,,,,,,
,,,,,,,
,,,,,,,
,,,,,,,
,,,,,,,
